Charlotte,2rgQ1TULwVoY7TnUlnH7Yw,"['Asian Fusion', 'Chinese', 'Japanese', 'Restaurants']"
Pittsburgh,XaTts7L8g57_odPEFuwkOw,"['Chinese', 'Restaurants']"
Charlotte,K0VNhFhaOrO3CypCqofjwA,"['Restaurants', 'Chinese']"
Charlotte,98gLNkYYJCg4f_uJ7o2wBg,"['Restaurants', 'Chinese']"
Charlotte,5aGYZbjkXpCecz4QH2ZKFg,"['Chinese', 'Buffets', 'Restaurants']"
Charlotte,SBPttAVjzEnN3VE6sKiaMg,"['Restaurants', 'Chinese']"
Charlotte,Oy2WnPyiOlPFvPKMIuOC8w,"['Restaurants', 'Asian Fusion', 'Japanese', 'Food Delivery Services', 'Korean', 'Food', 'Chinese', 'Buffets']"
Charlotte,5li4Wxd__uYGrgB8_n_uzw,"['Chinese', 'Restaurants']"
Charlotte,YjPWt-V5oMkakdRWrALb8g,"['Ethnic Food', 'Specialty Food', 'Restaurants', 'Chinese', 'Dim Sum', 'Food', 'Imported Food']"
Pittsburgh,BIqsItY0vyOshMpJ0I4cPg,"['Chinese', 'Restaurants']"
Charlotte,Y24q_yO23zqY_y-QWOX-XA,"['Seafood', 'Diners', 'Greek', 'Chinese', 'American (New)', 'Food', 'Restaurants']"
Charlotte,N2M0WyGCyTV5jMOYPH7odA,"['Chinese', 'Asian Fusion', 'Restaurants', 'Sushi Bars', 'Japanese']"
Charlotte,tLSgXuy0g8nxX6Xgb7nvrw,"['Restaurants', 'Chinese']"
Pittsburgh,#NAME?,"['Restaurants', 'Chinese']"
Pittsburgh,X4CRPHvv-33kjxVJISZpUg,"['Sushi Bars', 'Chinese', 'Restaurants']"
Pittsburgh,sReFrTIJ92iDprWD8dKAuw,"['Chinese', 'Szechuan', 'Restaurants']"
Charlotte,ZJufvkLNtlAsQU9h_ttdNg,"['Chinese', 'Restaurants']"
Pittsburgh,USninqjSauwQQ2T_FlkIMw,"['Chinese', 'Cocktail Bars', 'Sushi Bars', 'Restaurants', 'American (New)', 'Asian Fusion', 'Bars', 'Nightlife']"
Charlotte,7Nz4kTghhicjsR23GYMlLg,"['Chinese', 'Restaurants']"
Charlotte,pe20N--YSUZlKYa-WaSfJA,"['Restaurants', 'Chinese', 'Buffets', 'Japanese', 'Sushi Bars']"
Charlotte,HzGeL_H3rkm5W9DkN9FQBw,"['Restaurants', 'Chinese']"
Pittsburgh,pRfIJ6zurjEsWmJheDOP6A,"['Japanese', 'Chinese', 'Restaurants']"
Charlotte,YaGkCO51sV6MLavJ3XUmWw,"['Chinese', 'Restaurants']"
Pittsburgh,jrlkSj1TR6HWBaOJ4AzwKw,"['Chinese', 'Restaurants', 'Sushi Bars', 'Dim Sum']"
Pittsburgh,l_pR3x7v2mvE3luVdmGuoQ,"['Chinese', 'Restaurants']"
Charlotte,WuiX9mOytF_8TXrR4ERQJw,"['Chinese', 'Restaurants']"
Pittsburgh,hwe7f0QthkND-H4Ekg37qw,"['Asian Fusion', 'Chinese', 'Restaurants']"
Charlotte,cnRMezUuLesmJHruUpAECA,"['Asian Fusion', 'Restaurants', 'Chinese']"
Charlotte,JQWIZ8MT-VGZzO5W5XCB5Q,"['Chinese', 'Restaurants']"
Pittsburgh,DXP3MbE8srQITLlAuS45aQ,"['Szechuan', 'Restaurants', 'Chinese']"
Pittsburgh,NYMUlUYYEb3H0nKsauj-yw,"['Restaurants', 'Chinese', 'Japanese']"
Charlotte,2FWFAqM-jqKUU8WqHSp-LQ,"['Chinese', 'Restaurants']"
Pittsburgh,NdqDt4c2ZWpGTUWvcDDKkw,"['Restaurants', 'Chinese', 'Food']"
Pittsburgh,a5xUI7TvsNhM5gZr6KowDg,"['Chinese', 'Restaurants']"
Pittsburgh,XUDOc980cjB0PZvVS-T6Eg,"['Asian Fusion', 'Restaurants', 'Chinese', 'Sushi Bars']"
Charlotte,0iJcWcDjaC4CVpR0uQFe5Q,"['Chinese', 'Restaurants']"
Pittsburgh,jDehhKtVZa62k32WHbnc2A,"['Restaurants', 'Szechuan', 'Chinese', 'Food Delivery Services', 'Food']"
Pittsburgh,5qtc1s-TKdgzPccKwY4SRw,"['Chinese', 'Restaurants']"
Charlotte,HCvSXTYw0WoszrJlffsRSg,"['Restaurants', 'Chinese']"
Charlotte,gwo0iQlgQIKGXGTJYqWc7w,"['Restaurants', 'Chinese']"
Charlotte,SlQNMsVEOSxN-ciIn93LOw,"['Chinese', 'Restaurants']"
Charlotte,39AOOQM4Ff6rWXW8b9ZPvw,"['Sushi Bars', 'Buffets', 'Chinese', 'Restaurants']"
Charlotte,3v1c2BsFFcWlpV3S3LS8dA,"['Restaurants', 'Chinese']"
Charlotte,#NAME?,"['Restaurants', 'Chinese']"
Charlotte,WUiDaFQRZ8wKYGLvmjFjAw,"['Sushi Bars', 'Restaurants', 'Buffets', 'Chinese']"
Charlotte,Mi1IdbjqjGoYK09oDu8JVw,"['Chinese', 'Restaurants']"
Charlotte,G6_M3Dg-gjwVIbRGLIRBkw,"['Restaurants', 'Chinese']"
Charlotte,I5cGJJw5-VXJtxO58WfuLA,"['Restaurants', 'Chinese']"
Charlotte,HDv-KchmLSlRr5MXxRkNqQ,"['Restaurants', 'Chinese', 'Sushi Bars']"
Charlotte,Sp8DfXkAlaAACI2WQrvhIQ,"['Restaurants', 'Asian Fusion', 'Chinese', 'Food']"
Charlotte,pXqyJQISv5N_9Of5Nnfs6g,"['Chinese', 'Restaurants']"
Charlotte,ZlrHrg7jrbO6blqwfa0MkQ,"['Restaurants', 'Chinese']"
Charlotte,N2PlDjUJVfOJzsPzY0Au1w,"['Restaurants', 'Buffets', 'Chinese']"
Pittsburgh,KzLjbXEDH1e1WrfzrrzZKw,"['Chinese', 'Restaurants']"
Pittsburgh,Ef9crW61OYp2UJ0ysi3nEw,"['Restaurants', 'Chinese']"
Pittsburgh,BNeS_hZfmdQWsqewj-LuDA,"['Taiwanese', 'Szechuan', 'Chinese', 'Restaurants']"
Charlotte,GTB4esadYFFyLTJX9OqNdw,"['Chinese', 'Dim Sum', 'Restaurants']"
Pittsburgh,m5MaRXA1rNX1n1Kbr8-Sog,"['Chinese', 'Food', 'Restaurants']"
Charlotte,RP3MFwBjZV7SLFKvh4Ipeg,"['Restaurants', 'Chinese']"
Charlotte,CzUUmNWYINyh4y0_7_elpA,"['Restaurants', 'Chinese']"
Pittsburgh,ZKBUoCqTpwMtmImz64DGyQ,"['Restaurants', 'Chinese', 'Thai']"
Charlotte,V6MWAv-xv4dgSUrDU1qxaA,"['Noodles', 'Thai', 'Asian Fusion', 'Italian', 'Caterers', 'Restaurants', 'Chinese', 'American (Traditional)', 'Event Planning & Services']"
Charlotte,vYCBkwsQrdpb-RbkjWqG-w,"['Chinese', 'Chicken Wings', 'Restaurants']"
Pittsburgh,lSxAQR1FeSljX9zeVJTEWA,"['Restaurants', 'Chinese']"
Charlotte,e8cFfRySb8n9lMXRnyzeIA,"['Restaurants', 'Chinese']"
Charlotte,8PNXDkWz3hyZFi7E4tYhjw,"['Chinese', 'Restaurants']"
Pittsburgh,QQSlx-l_cfwkVrNwjV_HgQ,"['Chinese', 'Restaurants']"
Pittsburgh,gz87Wa7QUZ3gNlgE9NVPAA,"['Restaurants', 'Chinese']"
Pittsburgh,u540gB8nSBDZez-Kb76G9w,"['Nightlife', 'Restaurants', 'Chinese', 'Food', 'Sushi Bars', 'Bars', 'Juice Bars & Smoothies']"
Charlotte,yVPiqeEWOzJuskp5G-twRw,"['Chinese', 'Restaurants', 'Fast Food']"
Charlotte,nzT22B3ad9L0oF2hVYXr8Q,"['Asian Fusion', 'Chinese', 'Restaurants']"
Charlotte,LKuzbx5Yt3yqiokUFdjVhg,"['Korean', 'Chinese', 'Restaurants']"
Charlotte,KMptXD2fDMcqCmkpkpRVQQ,"['Chinese', 'Beer', 'Wine & Spirits', 'American (Traditional)', 'Food', 'American (New)', 'Restaurants']"
Pittsburgh,ndq4rJcFLMbMGU_gK5u79Q,"['Restaurants', 'Chinese']"
Pittsburgh,s4M4QcJvxJ5IY0DQJo-sCA,"['Chinese', 'Food', 'Tea Rooms', 'Mongolian', 'Sandwiches', 'Soup', 'Restaurants', 'Salad']"
Charlotte,5zzuzWbt9_YrL95EIHobLA,"['Restaurants', 'Chinese']"
Charlotte,64ZPMllrqdrVNXMEQIvXhw,"['Seafood', 'Restaurants', 'Chinese', 'Food', 'Barbeque', 'Specialty Food', 'Soup', 'Ethnic Food']"
Pittsburgh,e7M2GgkCfDYTxdPN1LL1sQ,"['Chinese', 'Restaurants']"
Charlotte,kKCJvvktaKxZ5iFKv3lxuA,"['Fast Food', 'Asian Fusion', 'Chinese', 'Gluten-Free', 'Restaurants']"
Charlotte,2DO-8SvPvx1rACloHiD9Mw,"['Restaurants', 'Chinese']"
Charlotte,6PtDrXXQK9JyrN7M4nvZyA,"['Restaurants', 'Chinese']"
Pittsburgh,xULATz2siGXOPia614mg2A,"['Korean', 'Noodles', 'Japanese', 'Restaurants', 'Vegetarian', 'Chinese']"
Pittsburgh,N0L1C5K9ViBD58vig5sahw,"['Restaurants', 'Chinese']"
Pittsburgh,go623pgRx2nfIpsV4ePHXg,"['Chinese', 'Restaurants']"
Pittsburgh,_AKdBFzkl7GY-daxUCCbVA,"['Asian Fusion', 'Restaurants', 'Gluten-Free', 'Chinese']"
Pittsburgh,tyCIs0pyyw36apAXdR26WQ,"['Chinese', 'Restaurants']"
Pittsburgh,gDQlaDRAjsCx2p_p6oJLjw,"['Chinese', 'Restaurants']"
Charlotte,NxHLCT3PuylmuEDOsZfxWg,"['Chinese', 'Restaurants']"
Pittsburgh,O5MzWfMWDeEwkzNVeKdCfg,"['Restaurants', 'Chinese']"
Charlotte,rV4hP5CdpsokQyMjsqxB0Q,"['Ramen', 'Japanese', 'Restaurants', 'Chinese']"
Pittsburgh,ccdcyzc1oSucd-qRlnYR0w,"['Chinese', 'Restaurants']"
Charlotte,GhGYQ5WI4LdH53591fUMMA,"['Chinese', 'Restaurants', 'Asian Fusion']"
Charlotte,Oi-u4KqrcZbIWSYKnh7mJA,"['Chinese', 'Restaurants']"
Charlotte,nNz_7luh2aD1_U9N3tJUMA,"['Chinese', 'Restaurants']"
Charlotte,Qn5QMHOV6f5uHbxvrTPGRA,"['Event Planning & Services', 'Food Trucks', 'Food', 'Noodles', 'Food Delivery Services', 'Caterers', 'Specialty Food', 'Restaurants', 'Chinese', 'Ethnic Food', 'Szechuan']"
Pittsburgh,qThJY-H6Fo8HvfdIvwrjiw,"['Chinese', 'Restaurants']"
Pittsburgh,N9JASBwB9kWtK0_EjTa1nw,"['Chinese', 'Restaurants']"
Charlotte,N9o1UKmI0Ng1qYkTBTxHmA,"['Restaurants', 'Thai', 'Sandwiches', 'Chinese', 'Noodles']"
Pittsburgh,7-Wlpm30PGCBIZtH2rOlew,"['Chinese', 'Restaurants', 'Vietnamese', 'Thai']"
Charlotte,3buPFDqdstemNGAGHDWPaw,"['Chinese', 'Restaurants']"
Pittsburgh,BY1_pf7FHUycHOwYEenDlQ,"['Restaurants', 'Chinese']"
Pittsburgh,RvwZqjdkZ_pER0moPXLZAQ,"['Cafes', 'Food', 'Restaurants', 'Bubble Tea', 'Coffee & Tea', 'Chinese', 'Taiwanese']"
Charlotte,hf2oiNqYYWoF2-iNYSnOMg,"['Chinese', 'Restaurants']"
Charlotte,ed1KHQwsAYyFDrlUdwqJBA,"['Restaurants', 'Chinese']"
Pittsburgh,#NAME?,"['Chinese', 'Restaurants']"
Charlotte,9Zhiktm7_LYN_uxaT9XEhg,"['Restaurants', 'Chinese']"
Charlotte,9gQyf3h7XK0lKJYLGcIYlA,"['Restaurants', 'Chinese']"
Pittsburgh,jDZJsIyc3jXjcTtJk_p8ZA,"['Chinese', 'Restaurants']"
Charlotte,ujYrcaXEbxj3KH9r0-FgWg,"['Chinese', 'Restaurants']"
Charlotte,fHkiH52AATeRa8Fi2yStpQ,"['Japanese', 'Asian Fusion', 'Sushi Bars', 'Chinese', 'Restaurants']"
Pittsburgh,fjE-jiwnTQysz-rLl6YMQg,"['Chinese', 'Restaurants']"
Pittsburgh,EhlOUjd2dh52SV_XfoORSA,"['Chinese', 'Restaurants']"
Charlotte,heyU2rq-K2soH-V0SVMHVQ,"['Chinese', 'Restaurants', 'Asian Fusion']"
Pittsburgh,0It4d0eFPJ5UnQqe6g2Z3w,"['Chinese', 'Buffets', 'Restaurants']"
Pittsburgh,AZ_iSVHQdBiCTnMolLTg3Q,"['Buffets', 'Asian Fusion', 'Restaurants', 'Chinese']"
Pittsburgh,toc31C-Qy2smSq0A7Q8FgA,"['Chinese', 'Restaurants']"
Pittsburgh,A5Xd85djipsW546Bq6qIYA,"['Restaurants', 'Chinese']"
Charlotte,RAKSBqeNb-p_ZABwAWH_jA,"['Sushi Bars', 'Restaurants', 'Chinese', 'Japanese']"
Charlotte,HVYzoYynIH9lZiwnCaPngQ,"['Chinese', 'Restaurants']"
Charlotte,1czIVv2iyOHc3WMgtUWXCQ,"['Wine Bars', 'Nightlife', 'Chinese', 'Bars', 'Asian Fusion', 'Restaurants', 'Vietnamese', 'Food', 'Persian/Iranian', 'Beer', 'Wine & Spirits']"
Charlotte,qaJ-HewyVAQCQ8C_KveZ4g,"['Chinese', 'Restaurants']"
Pittsburgh,zkW7OAv8Cnb-3SxEBOubTQ,"['Restaurants', 'Chinese']"
Charlotte,ydUqgWsF3F27TbauOyib0w,"['Chinese', 'Restaurants']"
Charlotte,zRr45TrTgq8XAKwvjM0W_Q,"['Restaurants', 'Chinese']"
Pittsburgh,PN6YCsAdFHcHST9vPaxIuw,"['Chinese', 'Restaurants']"
Charlotte,67FzueRMlcTQV3Nuep2qPw,"['Restaurants', 'Chinese']"
Charlotte,Pgay5a3ZPZB_5ijSHAGoyA,"['Restaurants', 'Chinese']"
Charlotte,xEIqG7Rq8ydAT9LxCVBOOg,"['Chinese', 'Asian Fusion', 'Thai', 'Restaurants']"
Charlotte,m9x3lP68vCe9EOB7EcA1lg,"['Restaurants', 'Chinese']"
Pittsburgh,iT9KMTR8NqYwSCW-zMUOxw,"['Restaurants', 'Chinese', 'Taiwanese', 'Sushi Bars']"
Pittsburgh,_VYUU5HPLYasd-xdKLimNA,"['Restaurants', 'Chinese']"
Charlotte,LxgronMsFYjxIfRojmVdYw,"['Chinese', 'Restaurants']"
Pittsburgh,gFyntTks-Qd5CjDU8_2Kog,"['Buffets', 'Restaurants', 'Chinese']"
Charlotte,j3lG-ZqQXUQl-ImNcWHbVQ,"['Restaurants', 'Chinese']"
Charlotte,B3H60GaBic12F4VLBi7-9A,"['Chinese', 'Restaurants']"
Pittsburgh,j2kjfjODIZyNPxAu1Dow6A,"['Chinese', 'Buffets', 'Restaurants']"
Pittsburgh,UslSiDSUTCaq62FMpWK6Lw,"['Chinese', 'Restaurants']"
Pittsburgh,iuIkzvQRb4DVWOMhE4GI3g,"['Chinese', 'Asian Fusion', 'Restaurants', 'Sushi Bars']"
Pittsburgh,_EGWxiD27k3ahcFpmbSjQg,"['Chinese', 'Restaurants']"
Pittsburgh,kbq9QlIprqKpIWXZEXtGSA,"['Restaurants', 'Chinese']"
Pittsburgh,VGxJbglGlx-a7Gdc55Q6jQ,"['Restaurants', 'Japanese', 'Sushi Bars', 'Chinese']"
Charlotte,O8Nh1NB9Gbtq6xjd9oeI3A,"['Restaurants', 'Chinese', 'Vietnamese']"
Pittsburgh,vYRxMRpdUES85ZEpiQwjgg,"['Chinese', 'Restaurants']"
Charlotte,OnGPegQGuQ5_uuFLvezvKw,"['Japanese', 'Restaurants', 'Chinese']"
Charlotte,7rh29SPJMkyeI2BJcjqzLQ,"['Chinese', 'Restaurants']"
Charlotte,wcFscp4-QH0PJeIW1EOQEQ,"['Restaurants', 'Chinese', 'Japanese']"
Charlotte,QnD4hpjwW8QySEh2R_UHpQ,"['Chinese', 'Restaurants']"
Charlotte,FY71JKLl44HVLjO1xJl9dA,"['Chinese', 'Buffets', 'Restaurants']"
Charlotte,REzVrw0MaOaYkA7YQe_xFg,"['Restaurants', 'Chinese']"
Charlotte,KYxiIkANSVjLhdO939GK6A,"['Tea Rooms', 'Chinese', 'Restaurants', 'Food']"
Charlotte,wJnhUJCOYkncLPZAwaMffA,"['Sushi Bars', 'Asian Fusion', 'Restaurants', 'Chinese']"
Charlotte,TkXmhC7ZDA5H2tebIXH2_Q,"['Buffets', 'Restaurants', 'Chinese']"
Charlotte,KljAJzE4WuV1ay503jjP6w,"['Restaurants', 'Chinese']"
Charlotte,a0Jm-rlHOKk_1fm4hzxskg,"['Restaurants', 'Chinese']"
Charlotte,n_rEQNgsCOLNfMzGqFhn1g,"['Cocktail Bars', 'Bars', 'Buffets', 'Restaurants', 'Event Planning & Services', 'Caterers', 'Seafood', 'Chinese', 'Nightlife', 'Asian Fusion']"
Charlotte,nMo0ozHO7cqsPaxw_7N6ow,"['Restaurants', 'Dim Sum', 'Chinese']"
Pittsburgh,7U73RqIg6JA0WThxWUV3uA,"['Szechuan', 'Chinese', 'Asian Fusion', 'Restaurants', 'Bars', 'Sushi Bars', 'American (Traditional)', 'Nightlife']"
Pittsburgh,LTF14u6dfIyJQ41P-FooiA,"['Restaurants', 'Chinese']"
Pittsburgh,aHVhlCvmlNnnPf-LgclNNA,"['Restaurants', 'Chinese']"
Pittsburgh,uNMQV-r1nO5dfGSGnVTFUA,"['Restaurants', 'Chinese']"
Pittsburgh,cxVp-a28Cp7lavjaPMvK5w,"['Restaurants', 'Chinese', 'Asian Fusion', 'Sushi Bars', 'Japanese']"
Pittsburgh,Q3zZTpHQBSbiPq2lLaTtgw,"['Ethnic Food', 'Food', 'Chinese', 'Restaurants', 'Specialty Food', 'Imported Food', 'Szechuan']"
Charlotte,PTDMAKBZze2QpZPc8mQD0w,"['Restaurants', 'Chinese']"
Charlotte,wC-wLFVCIjXArsrMuUJdYQ,"['Chinese', 'Restaurants']"
Pittsburgh,hcFSc0OHgZJybnjQBrL_8Q,"['Restaurants', 'Noodles', 'Chinese', 'Vegetarian']"
Pittsburgh,MwsGayIlUkXQ46mkmV3jlA,"['Chinese', 'Restaurants']"
Charlotte,mI2GqBeadATqOkLPhDNOfQ,"['Chinese', 'Restaurants']"
Charlotte,qf4w82L2F7xJwh1i82uYHA,"['Restaurants', 'Chinese']"
Charlotte,vSB8Yrz0KslzqnlPEBfqNA,"['Restaurants', 'Taiwanese', 'Chinese']"
Charlotte,uBs1-3FNDhKN-BBP27erFw,"['Restaurants', 'Chinese']"
Charlotte,QnJmteSnJgEc7PfJ45imOg,"['Chinese', 'Restaurants']"
Pittsburgh,LLGGe9k7NTVy1Z2wH1_Uew,"['Chinese', 'Restaurants']"
Pittsburgh,BsLyCu_lkEdkG42qmvZlnQ,"['Chinese', 'Restaurants', 'Asian Fusion', 'Sushi Bars', 'Pan Asian']"
Charlotte,ImpLykh7PV5I5Oabe3_NSw,"['Fast Food', 'Chinese', 'Restaurants']"
Pittsburgh,o2UAUbXSNRrqleXtSMLniA,"['Chinese', 'Restaurants']"
Pittsburgh,dyaSQBKagPYylOJxsU8CMA,"['Restaurants', 'Chinese']"
Pittsburgh,LbeJgPgKKHw5qH0f02NHEQ,"['Chinese', 'Restaurants']"
Charlotte,ZhdbnIScQfeYh9upMbK0lQ,"['Chinese', 'Restaurants']"
Charlotte,aqszoKRB4Ol9bpemt0_-GQ,"['Asian Fusion', 'Chinese', 'Restaurants']"
Charlotte,g-ftCJsLjDZgYzrjUf7gng,"['Chinese', 'Restaurants']"
Charlotte,VCqlP9aEIFe7vfgXWpZs3g,"['Chinese', 'Restaurants']"
Charlotte,mQCT1psNh2pJT38ohSQDHA,"['Chinese', 'Japanese', 'Restaurants', 'Sushi Bars']"
Pittsburgh,o5rtJcyJ6xje1PFj_rhRTA,"['Restaurants', 'Chinese']"
Charlotte,xgZMO4BHn1TCn7hZ62SaiA,"['Restaurants', 'Chinese']"
Charlotte,u-urH3ZDub-EkXe4frPkaQ,"['Restaurants', 'Chinese']"
Charlotte,67IWr5jwskv0-RwWAhkTaA,"['Restaurants', 'Chinese', 'American (Traditional)', 'Italian', 'Noodles', 'Thai', 'Comfort Food', 'Asian Fusion']"
Charlotte,ryCpLx4jaTkkkaGXg5jvBQ,"['Restaurants', 'Chinese']"
Pittsburgh,AYr2URtjoQ8Toh8_Jr4G6A,"['Restaurants', 'Bubble Tea', 'Food', 'Chinese', 'Taiwanese']"
Pittsburgh,X4YG1pu1MDVSi07S3i4YCA,"['Burmese', 'Restaurants', 'Chinese']"
Pittsburgh,YufWhkZQPC6As55MuXTU8g,"['Restaurants', 'Chinese']"
Pittsburgh,i17-RGooGWIad0y5YtaBtQ,"['Chinese', 'Restaurants']"
Pittsburgh,u7fc6_zgJEnEq3rEkC1gBg,"['Chinese', 'Restaurants']"
Pittsburgh,eC-duRpbiVsCD14oGYiDOA,"['Japanese', 'Chinese', 'Thai', 'Sushi Bars', 'Restaurants', 'Asian Fusion']"
Charlotte,TcGmeeNvbcvnQVmVmlWxlA,"['Chinese', 'Restaurants', 'Fast Food']"
Pittsburgh,xUsLyzWQId6nXwNDVq08qQ,"['Chinese', 'Restaurants']"
Pittsburgh,dWB0HT1nXQ2N8n3bvPKJuQ,"['Sushi Bars', 'Chinese', 'Restaurants']"
Charlotte,BZ8nUf9R4sa1S-9sU6AjRg,"['Chinese', 'Restaurants']"
Charlotte,o8nauTizH7H_GEAeV6HfMg,"['Chinese', 'Indian', 'Restaurants']"
Pittsburgh,NG5qynmV0kzxQMFJG7mhEw,"['Chinese', 'Restaurants']"
Charlotte,vgc-XO64Uw7otc3sxmns1A,"['Sushi Bars', 'Japanese', 'Thai', 'Chinese', 'Restaurants']"
Pittsburgh,MBirSnTW4pt2k7Ny6KC72w,"['Szechuan', 'Chinese', 'Restaurants']"
Pittsburgh,QmNrHxN7UahtdliH_kAuUg,"['Chinese', 'Restaurants', 'Cantonese']"
Charlotte,EbgUkmDxPUa2fr0rc8EFJQ,"['Asian Fusion', 'Restaurants', 'Gluten-Free', 'Chinese']"
Pittsburgh,74wRr6PP6lbaL1YzUcYGAA,"['Restaurants', 'Buffets', 'Chinese']"
Pittsburgh,bCa0CY4F74N5lCEVOquKkg,"['Salad', 'Food', 'Asian Fusion', 'Restaurants', 'Nightlife', 'Dim Sum', 'Chinese', 'Sandwiches', 'Noodles', 'Bars']"
Pittsburgh,K6AKMjAdCSe8xllsbyeL9Q,"['Bubble Tea', 'Food', 'Tea Rooms', 'Chinese', 'Restaurants', 'Fast Food']"
Pittsburgh,odfX0wO7fOyqa8oobxh96w,"['Restaurants', 'Chinese']"
Charlotte,WLCdg4ib7-_7b8epoXRjAw,"['Restaurants', 'Chinese']"
Charlotte,j3SHAiF8OIlY3kUPnAAlKw,"['Chinese', 'Restaurants']"
Charlotte,R8U89M5NjaL9wf-6k4H1xQ,"['Chinese', 'Restaurants']"
Pittsburgh,p2X4WdGMsi26t_6hN3Hz4w,"['Asian Fusion', 'Chinese', 'Vietnamese', 'Soup', 'Restaurants']"
Pittsburgh,7LlND5b0bjWylNBNQ-oZMA,"['Restaurants', 'Chinese']"
Charlotte,On5sceeptZSlLeGWDDGiwQ,"['Restaurants', 'Chinese']"
Charlotte,WCkh_ZcsWKU1wx4bqyU9KA,"['Taiwanese', 'Chinese', 'Restaurants']"
Pittsburgh,1MrJJ9tyNyfFrxaNZ67xFg,"['Restaurants', 'Chinese', 'Sushi Bars', 'Steakhouses', 'Japanese']"
Charlotte,wNgzPOtnHE1prmh3bzWR1g,"['Restaurants', 'Chinese']"
Pittsburgh,KF1ngA96RBiRM5h8V7IQ2g,"['Food', 'Restaurants', 'Taiwanese', 'Chinese', 'Ice Cream & Frozen Yogurt']"
Pittsburgh,mqiHZYNXnMLaEK87JZOzmA,"['Restaurants', 'Chinese']"
Charlotte,x0nPQOsfh_fy43-M-iCbRA,"['Restaurants', 'Chinese']"
Pittsburgh,VUDwlypqw1-DTK_lfEP4jg,"['Buffets', 'Restaurants', 'Chinese']"
Pittsburgh,S6dARuOrrOXd4xSiTHti8g,"['Seafood', 'Soup', 'Restaurants', 'Chinese']"
Charlotte,KxqAQ-CJcAPDTJbrnQUTfg,"['Restaurants', 'Chinese']"
Pittsburgh,jhP9rUsV-KvgHu1n--7Q3w,"['Chinese', 'Restaurants']"
Charlotte,ShnXvNkJKsDIQaGJeM0L6w,"['Restaurants', 'Specialty Food', 'Meat Shops', 'Barbeque', 'Chinese', 'Food']"
Charlotte,y52rX6iyCjLTWxDjZq405g,"['Chinese', 'Restaurants']"
Pittsburgh,Mge4KiFP09sWeKpbM6J65w,"['Restaurants', 'Chinese']"
Pittsburgh,5E37qENVklkwAMHmIwc_IA,"['Restaurants', 'Chinese']"
Pittsburgh,eW6HLU-M3xJOpGyKLrWxUg,"['Chinese', 'Restaurants', 'Thai']"
Charlotte,8GC_bLQu_ui9a_Wtb335Jw,"['Chinese', 'Restaurants']"
Pittsburgh,afdthOntL8hfhomIFX-NWg,"['Sushi Bars', 'Chinese', 'Diners', 'Restaurants']"
Charlotte,odtLH4HI7i0TSbybja6qrQ,"['Chinese', 'Restaurants']"
Pittsburgh,Q9veWOu7mFj881o3nqB4bQ,"['Seafood', 'Restaurants', 'Chinese', 'Soup', 'Sushi Bars', 'Hot Pot', 'Japanese', 'Asian Fusion']"
Pittsburgh,qAzOcHnWerREl678su-p0A,"['Chinese', 'Restaurants', 'Japanese']"
Pittsburgh,5wr_UtUUdF8L2UlaD1DhNQ,"['Chinese', 'Restaurants']"
Pittsburgh,JJi7c7uiTzCqeWNTsldgXQ,"['Sushi Bars', 'Chinese', 'Restaurants']"
Pittsburgh,oaTbZh8B-IVFEwbzJcIOBg,"['Japanese', 'Chinese', 'Restaurants', 'Sushi Bars', 'Asian Fusion']"
Pittsburgh,DwmAsemahJywywhuqv5J1Q,"['Szechuan', 'Chinese', 'Restaurants']"
Charlotte,9BBWtaSvsootDkKTVBgv_A,"['Chinese', 'Japanese', 'Buffets', 'Restaurants', 'Asian Fusion']"
Charlotte,klQnFvxN7stIgYAvRylY0Q,"['Mongolian', 'Restaurants', 'Chinese']"
Charlotte,BaHMCHFuuVpVUV_wOInnOA,"['Chinese', 'Restaurants']"
Pittsburgh,DId2r0a4C2ixCbuLApxx8g,"['Restaurants', 'Chinese']"
Charlotte,3PsmvwxetLz1Tzb-6mNhgA,"['Asian Fusion', 'Gluten-Free', 'Chinese', 'Restaurants']"
Charlotte,3f2dKT9PgLipoNi6vebnDQ,"['Chinese', 'Restaurants']"
Pittsburgh,QiZCMGZEwVtg1ybOKybLhQ,"['Chinese', 'Restaurants', 'Vietnamese', 'Japanese']"
Pittsburgh,izOvku5li7kyzY76UzLP2g,"['Restaurants', 'Chinese']"
Pittsburgh,F1vdFYr7P4Xb3uAQ2AYgzQ,"['Dim Sum', 'Restaurants', 'Chinese', 'Asian Fusion']"
Charlotte,5G0cEcOxAwoPOhGV_B5VlA,"['Restaurants', 'Chinese']"
Pittsburgh,OHuo-yqHdtJMAnkNLyp34g,"['Restaurants', 'Chinese']"
Charlotte,IDW4QFw-fN_wk81G9OV-Mg,"['Gluten-Free', 'Fast Food', 'Asian Fusion', 'Restaurants', 'Italian', 'Salad', 'Food', 'Chinese', 'Noodles', 'Desserts', 'American (Traditional)']"
Charlotte,so5zDDBvYTMjqpd0Tb8yqw,"['Thai', 'Chinese', 'Restaurants']"
Charlotte,YWm5z2mu-C-pUuL86fcFxQ,"['Restaurants', 'Chinese']"
Pittsburgh,nVqOTTfDiu12xsQtFTO7_w,"['Restaurants', 'Food', 'Chinese', 'Convenience Stores']"
Charlotte,chBeDQdaZgrb8iOzqgeCDA,"['Restaurants', 'Chinese']"
Pittsburgh,ZWbJlxV7sdxBBgyw_-4vVg,"['Chinese', 'Restaurants']"
Pittsburgh,XKOAi4J47i-YEhhHfKkPRQ,"['Restaurants', 'Chinese']"
Charlotte,L8DX7Jxt5r6lS68AOG43hg,"['Chinese', 'Fast Food', 'Restaurants']"
Charlotte,tVzPchjHbqWjn8ng7giMiQ,"['Restaurants', 'Chinese']"
Pittsburgh,5jSwodZ2cLIgD0SLGXYbeg,"['Asian Fusion', 'Chinese', 'Restaurants']"
Pittsburgh,Oj_74Fa-VtFHXYTOWHMlsA,"['Restaurants', 'Chinese']"
Pittsburgh,7aZf5c1UNotq4MabBXMZLA,"['Chinese', 'Restaurants', 'Szechuan']"
Pittsburgh,Lw2vlPixPe72lDp9Cx6GoA,"['Chinese', 'Restaurants']"
Pittsburgh,Z-6QSR2lC-opp9l6HLYG_w,"['Chinese', 'Restaurants']"
Charlotte,vmaZcAK858vwIxEHz3JOXw,"['Chinese', 'Restaurants', 'Seafood']"
Pittsburgh,I_vzg2V92U7wdD61tvGtpg,"['Chinese', 'Restaurants']"
Pittsburgh,f2FfutZhb4F-m1Ob0EdYaw,"['Restaurants', 'Caterers', 'Event Planning & Services', 'Vegetarian', 'Food', 'Food Delivery Services', 'Chinese', 'Asian Fusion', 'Fast Food']"
Pittsburgh,zXJilaBN28oUdX7Owf0fRA,"['Sushi Bars', 'Restaurants', 'Chinese', 'Japanese']"
Charlotte,ud45YT67UCbtNfRxNeR2Yg,"['Buffets', 'Restaurants', 'Chinese']"
